titulo,participacion,fecha,dni
Compatible heuristic attitude,Asistente,2021-07-03,11469909
Business-focused context-sensitive conglomeration,Moderador,2019-08-09,49167269
Advanced zero administration open system,Moderador,2023-06-24,15692691
Customizable radical Graphical User Interface,Orador,2020-12-27,80626362
Innovative didactic matrix,Asistente,2021-08-17,69474676
Multi-channeled even-keeled info-mediaries,Orador,2021-10-02,55034890
Upgradable grid-enabled complexity,Orador,2023-09-06,10682444
Inverse neutral leverage,Moderador,2023-11-30,10352247
Optional actuating flexibility,Asistente,2021-09-25,45178055
Diverse uniform concept,Moderador,2022-05-19,35272673
Multi-layered bottom-line Internet solution,Asistente,2020-12-24,40531549
Enterprise-wide multi-state software,Moderador,2021-05-08,27537347
De-engineered motivating open architecture,Moderador,2020-03-03,29503814
Upgradable 4thgeneration adapter,Moderador,2020-01-24,72497468
De-engineered tangible instruction set,Moderador,2023-07-08,26330762
Optimized 24hour success,Moderador,2021-01-04,80799926
Versatile didactic moratorium,Asistente,2023-01-19,87417338
Switchable encompassing structure,Asistente,2020-08-28,39954838
Advanced discrete monitoring,Moderador,2020-02-09,62532557
Optimized intermediate paradigm,Asistente,2023-10-28,83381754
Innovative national leverage,Asistente,2023-01-12,73993628
Synergized 3rdgeneration time-frame,Asistente,2020-12-11,29483382
Programmable user-facing parallelism,Moderador,2023-02-16,98819693
Integrated coherent structure,Moderador,2023-09-26,80834736
Re-engineered 24hour definition,Orador,2022-05-30,54125591
Extended multi-tasking hierarchy,Orador,2020-08-01,41566940
Public-key disintermediate time-frame,Orador,2020-12-03,66547033
Enhanced directional productivity,Orador,2022-10-10,51758262
Grass-roots encompassing installation,Moderador,2019-10-13,92456744
Organized 5thgeneration leverage,Moderador,2021-03-31,63881052
Visionary fault-tolerant application,Moderador,2023-04-02,37478138
Mandatory system-worthy algorithm,Orador,2021-01-08,42659484
Ergonomic motivating help-desk,Asistente,2020-03-03,50897238
Down-sized 6thgeneration portal,Moderador,2020-10-24,94006676
Cloned full-range architecture,Moderador,2024-03-10,79027306
Self-enabling global forecast,Asistente,2023-05-19,56631950
Multi-tiered user-facing parallelism,Asistente,2024-05-30,65581451
Reverse-engineered human-resource neural-net,Asistente,2020-06-27,44199119
Future-proofed actuating circuit,Asistente,2021-05-28,31809016
Polarized eco-centric paradigm,Asistente,2023-05-11,30590471
Vision-oriented multi-state array,Moderador,2022-01-15,79375917
Decentralized context-sensitive parallelism,Orador,2022-07-29,15666501
Balanced 24hour structure,Orador,2020-03-25,90149597
Re-engineered neutral superstructure,Orador,2023-06-13,46305052
Networked 5thgeneration alliance,Orador,2022-06-05,38607688
Ergonomic non-volatile installation,Asistente,2019-09-11,28699308
Realigned systemic interface,Moderador,2022-12-23,98608611
Enterprise-wide real-time ability,Asistente,2024-01-11,13211744
Re-contextualized hybrid application,Moderador,2021-05-11,56244690
Future-proofed incremental policy,Moderador,2022-11-17,53224819
Mandatory coherent archive,Moderador,2021-09-04,36468391
Mandatory 5thgeneration knowledgebase,Moderador,2022-05-11,85219025
Balanced reciprocal model,Orador,2022-10-21,88659686
Profit-focused multimedia productivity,Orador,2024-01-26,59312048
Persevering maximized core,Moderador,2022-04-09,70667300
Centralized didactic Internet solution,Asistente,2024-06-30,88753215
Fully-configurable coherent instruction set,Moderador,2019-10-14,32649427
Exclusive even-keeled info-mediaries,Asistente,2019-12-28,74797556
Innovative tertiary structure,Asistente,2021-01-01,94624127
Organized even-keeled productivity,Asistente,2020-05-11,36250727
Front-line next generation secured line,Orador,2022-08-27,60703832
Implemented background circuit,Moderador,2022-08-28,28668391
Grass-roots value-added pricing structure,Moderador,2024-06-03,43689641
Visionary next generation data-warehouse,Moderador,2021-03-12,92642702
Cross-group asynchronous array,Moderador,2019-10-22,66724353
Expanded multi-state open system,Moderador,2022-11-05,63715453
Synergized secondary open system,Moderador,2019-11-27,80317497
Multi-tiered systemic service-desk,Orador,2022-05-25,44265805
Public-key executive data-warehouse,Moderador,2024-04-17,54779858
Customer-focused solution-oriented functionalities,Orador,2020-05-30,74104924
Horizontal 6thgeneration emulation,Asistente,2022-09-09,37944904
Realigned 5thgeneration Internet solution,Asistente,2023-10-06,64230277
Digitized 24hour time-frame,Orador,2022-07-21,80338635
Inverse optimal time-frame,Orador,2023-08-09,61984671
Multi-channeled web-enabled complexity,Asistente,2020-06-09,12026980
Open-architected analyzing success,Moderador,2023-05-24,15119158
Vision-oriented systematic adapter,Moderador,2023-05-04,58132203
Progressive bifurcated pricing structure,Moderador,2019-07-22,32734676
Face-to-face systemic extranet,Asistente,2020-04-24,14205014
Cloned even-keeled monitoring,Asistente,2020-02-07,54961397
Devolved national analyzer,Asistente,2021-11-29,41570462
Enhanced radical superstructure,Orador,2023-11-17,99139982
Configurable needs-based support,Asistente,2020-03-31,36091763
Future-proofed contextually-based hardware,Asistente,2023-12-05,90432862
Pre-emptive mobile benchmark,Asistente,2023-02-01,23518168
Reverse-engineered discrete installation,Asistente,2022-01-16,28668391
Customizable bifurcated interface,Moderador,2022-06-23,35947393
Streamlined 5thgeneration approach,Moderador,2023-10-25,95569306
Quality-focused dynamic matrices,Orador,2024-01-05,77113624
Quality-focused motivating access,Moderador,2024-04-03,48356947
Reverse-engineered hybrid hub,Asistente,2022-11-29,42435126
Ameliorated asymmetric software,Orador,2024-02-16,48979840
Multi-lateral neutral help-desk,Orador,2021-03-02,15745885
Optional bandwidth-monitored Graphical User Interface,Asistente,2022-07-03,74073107
Synergized multimedia concept,Asistente,2024-06-15,67296689
Secured bifurcated extranet,Asistente,2022-03-04,11024760
Re-engineered systematic attitude,Orador,2024-05-29,43817533
Switchable even-keeled contingency,Orador,2022-09-02,23875150
Profit-focused actuating Graphic Interface,Asistente,2023-12-03,11622851
Cross-platform dynamic support,Moderador,2021-08-11,24675937
