titulo,autores,referencia_bibliografica,año,dni
Hic occaecati dolore nostrum ex ipsa.,Graciano del Páez,Nostrum omnis corporis amet.,2002,58462501
At natus laboriosam.,Esperanza Revilla Anglada,Fuga dolores ex voluptatum rem eum.,2009,92204850
Error commodi ex eius non necessitatibus.,Chuy Reina Rueda,Dolorem ullam excepturi deleniti minus excepturi.,2009,37024853
Quia repellat aliquid quae facere.,Hortensia Moreno Gómez,Rem omnis sequi unde esse impedit nam explicabo.,2006,95131123
Vero autem temporibus ducimus.,Isa Otero-Cazorla,Explicabo ratione fugit quis omnis.,2011,49593630
Tempora recusandae ducimus.,Diana Baeza Quevedo,Numquam reprehenderit maxime voluptas voluptatibus.,2006,81962967
Odit modi molestias optio qui.,Isidora Cabrero Zabaleta,Deleniti aut perferendis minus aspernatur quam praesentium excepturi.,2011,16835033
Delectus perspiciatis reprehenderit maiores.,Espiridión Mendez Miranda,Quo voluptas unde.,2019,53158926
Dolore nesciunt ut.,Belén Nicolás Arjona,Officia voluptate ea pariatur voluptates veritatis aut.,2007,76396820
Totam assumenda non.,Elisabet Royo,Necessitatibus commodi vero fugiat esse.,2020,13965296
Delectus quia iure.,Venceslás Jordá Morell,Repellat veritatis officiis voluptate eligendi unde.,2017,49611687
Ipsum commodi sunt.,Ruperto Riquelme Diez,Atque aperiam dolore reprehenderit ullam quaerat.,2000,59368248
Reprehenderit cumque ullam.,Máxima Bilbao Terrón,Consequatur velit magni molestiae.,2000,23603487
Quaerat quod voluptatibus dicta sed earum ut.,Alejo Casanova Vazquez,Voluptatibus beatae eaque tempora nemo.,2014,29800500
Odit eligendi at fugiat accusamus.,Ignacia Sanabria,Doloribus fugit odit corrupti vitae maxime facere dolorem.,2019,50730318
Laborum non commodi.,Pelayo Viana-Carpio,Nostrum odio minus facere harum esse doloremque mollitia.,2023,40380119
Dolorum necessitatibus aliquam ab magnam.,Amancio Segovia Pereira,Animi accusamus culpa deleniti.,2003,86938790
Perferendis est tempora.,Pablo Nacho Tolosa Machado,Minima ullam ratione eos amet sed velit corporis.,2017,47235468
Est atque accusantium impedit quo.,Brígida Luján-Vergara,Veritatis aperiam odio reprehenderit.,2009,81216626
Ipsa molestias beatae repellendus.,María Dolores Pinilla Ferrera,Quia minus veniam ipsa.,2005,13783678
Quas minus voluptates rem.,Joel Puga,At saepe laudantium a unde laborum accusamus.,2008,65505185
Veniam reprehenderit quam non consequatur.,Bernardita Cuervo-Martínez,Tenetur non fugit esse necessitatibus id.,2012,25897341
Ex sint officiis perspiciatis saepe sunt.,Carlota Benítez Mariño,Maxime cupiditate rem ipsum.,2008,59897485
Deserunt doloribus reiciendis saepe excepturi.,Adelardo de Landa,Ex maxime quisquam recusandae fugit.,2008,87875972
Quas assumenda possimus nulla amet dolorem.,Sebastian Montalbán-Ayala,Illum sapiente modi ipsa similique.,2012,54381936
Accusantium ut nesciunt cum.,Cecilio Pagès Lamas,Praesentium libero magnam maiores neque.,2007,94341552
Architecto nostrum illo eius laudantium voluptates.,Adolfo Luna-Calleja,Maxime laudantium minus nobis.,2022,59997366
Magni id consequatur quaerat consequatur maxime.,María Pilar Seguí Camino,Labore fuga numquam porro a commodi.,2017,98586895
Repudiandae nulla maxime.,Samuel Peña-Maza,Reiciendis nam eaque quibusdam eius voluptatibus.,2021,20644954
Animi atque quibusdam iusto earum.,Corona Jaume,Nulla iure laborum laudantium autem quae error.,2023,76075064
Impedit explicabo laborum ex suscipit.,Rebeca Alcolea Huerta,Voluptatum sit magni porro.,2013,39546775
Magni hic placeat maiores quod.,Encarna Gisbert Llorens,Vel eum doloribus.,2004,28167349
Veniam vel officia cumque.,Noé Pla Rodrigo,Nulla architecto pariatur earum fuga quidem commodi.,2007,75345799
Vel fuga voluptatibus exercitationem minima eos.,Fernanda Tello Abellán,Numquam molestias velit corporis aliquam eius maiores.,2003,60906822
Sit enim consequuntur.,Nerea Peñalver Sandoval,Ducimus totam molestiae quo itaque natus nisi.,2006,39487403
Commodi autem repellat necessitatibus fugit omnis.,Isaac Valls Correa,Minima ad exercitationem quae vitae hic atque.,2005,52717235
Explicabo aut voluptas corrupti rem.,Tania Mariana Vigil Francisco,Quam ullam nihil earum earum.,2012,88730715
Impedit ullam sint exercitationem autem quod.,Débora Vazquez,Quae labore doloribus harum.,2013,96315446
Eveniet illo corporis ipsa.,Eustaquio Piñol Martorell,Tenetur molestias consequuntur asperiores vitae voluptate.,2012,64229969
Dolore dolores modi ducimus.,Olegario Nogueira Campo,Eum culpa dicta soluta.,2023,53316005
Voluptates corporis laborum repellendus veritatis.,Amor Cardona,Voluptates explicabo enim dicta unde quibusdam suscipit.,2022,57489617
Excepturi consequuntur corrupti neque.,Albino Frías Naranjo,Numquam aspernatur nesciunt.,2014,36590209
Omnis sapiente accusantium minus quaerat.,Yaiza Badía Coll,A illo ipsum vel incidunt iste.,2008,13190724
Sunt adipisci sit ut.,Zacarías de Olivera,Ab mollitia libero et nobis culpa.,2022,47870984
Laborum aliquam iure culpa enim.,Zaida Burgos Alberola,Quo quaerat eos reprehenderit similique libero vel.,2018,68363341
Eum optio id.,Estrella Tejera Borrell,Debitis temporibus repellendus.,2012,48369727
Explicabo animi amet porro.,Serafina Roldán Mora,Id placeat impedit consequatur molestias.,2017,17090933
Similique modi nisi sunt nobis vel.,Eufemia Perla Mur Mínguez,Esse itaque earum a molestiae illo saepe nulla.,2010,72792921
Voluptatum quis quam numquam sed omnis.,Toño Cerdá Asenjo,Nesciunt similique voluptatum perspiciatis.,2006,69732431
Quis ut alias.,Estrella Morcillo Rosell,Ab quibusdam excepturi nemo at fuga.,2016,39822160
Sequi natus cumque saepe in vero.,Virginia Puig-Molina,Ratione officiis voluptatum ratione ad accusamus perferendis.,2003,67593244
Magni dolorem ipsum.,Ximena Ayuso Valls,Qui omnis ullam alias assumenda quos.,2023,82256246
Aliquam doloremque iure accusantium.,Anabel Carrión Nadal,Deserunt cum rem voluptas.,2009,38691736
Atque similique temporibus illo numquam atque.,Octavia Sanchez Mayoral,Tenetur voluptatibus dolorem reprehenderit sequi.,2000,82104952
Occaecati error incidunt quaerat id error.,Jimena Osorio Esteve,Mollitia iste aliquid ducimus explicabo aspernatur veritatis.,2017,39224425
Recusandae quaerat quisquam excepturi consequuntur.,Lino Pallarès López,Consectetur reiciendis tempora quasi mollitia modi.,2023,18640563
Quae itaque nam pariatur.,Judith Romeu Márquez,Velit aperiam ducimus impedit soluta magnam.,2021,16986129
Magni est veniam.,Ámbar Amores Hernandez,Consequatur labore aliquid voluptates odit beatae.,2001,17721310
Cumque nemo repellat maxime aspernatur voluptatem.,María Teresa Pastor Parra,Nesciunt voluptatem tenetur ullam consectetur quo quod.,2020,49899248
Amet rem temporibus quas at.,Nicanor Pons Alberdi,Tempora animi accusamus autem et officia accusamus.,2004,36764925
Facilis ex asperiores sit.,Florentina Pacheco,Eveniet aliquid quam officia.,2017,84196643
Veritatis cupiditate animi.,Silvestre Rocha,Molestias explicabo optio eligendi voluptatum excepturi culpa adipisci.,2010,87197546
In aut provident quod at ratione.,Lupe Bonet-Avilés,Explicabo deserunt modi unde numquam voluptates.,2001,52232468
Maxime error aspernatur sed.,Pastor Castells Revilla,Corrupti veritatis quibusdam perferendis sit magnam.,2006,48363644
Consequuntur eligendi atque perspiciatis adipisci.,Lorenzo Vidal Lamas,Nulla harum provident in quam.,2008,34167290
Natus nemo aliquam voluptatibus dicta repudiandae.,María José Pascual Torralba,Blanditiis qui laudantium.,2021,14591956
Dolores facere ipsa quod.,Guiomar Vila Arévalo,Repellat minus culpa veritatis neque error modi.,2006,52186732
Ea assumenda beatae officiis.,Maximiliano de Jordán,Iure consectetur dicta occaecati itaque blanditiis nemo ipsam.,2006,18683634
Harum illum corrupti.,Flavio Hipólito Gallego Patiño,Amet at mollitia numquam nulla dolorem odit voluptatum.,2018,24248280
Iusto quae ducimus nam consequatur vitae.,Adán Criado Puig,Libero nihil architecto at.,2013,63809662
Sapiente mollitia quasi deserunt dicta.,Olegario Rovira Lobo,Quam cum molestiae culpa.,2021,83206895
Quasi distinctio quo.,José Manuel,Rem natus illo officia ullam repudiandae.,2001,25136971
Fuga eum consectetur accusantium sapiente.,Natalia de Ribas,Magnam ab error.,2003,26587862
Tempore aliquam magni.,Cristina Cabo Palomino,Architecto ipsa ea minus et.,2014,85683849
Amet mollitia eos esse.,Nieves Cuesta-Gil,Tenetur quo veritatis officiis.,2006,75043464
Maxime veniam dolores.,Apolinar Palomar Millán,Tempora harum eaque iusto repellat.,2011,78991989
Accusamus necessitatibus doloremque ipsam vero reiciendis.,Francisco Javier Montoya Solsona,Suscipit rem vero necessitatibus saepe.,2016,47644500
Doloribus excepturi distinctio autem animi.,Segismundo Bermudez Mate,Autem explicabo odio.,2002,72806006
Dignissimos dolorem enim atque.,Carlito Wálter Rodrigo Chico,Quos fuga libero enim minus nobis velit nobis.,2021,90102212
Corrupti sit laborum eveniet dolores.,Jose Luis González Reyes,Architecto asperiores exercitationem sit voluptates repudiandae.,2019,65963289
Magnam eveniet possimus maxime aspernatur nihil.,Chita Teófila Salazar Robles,Maxime libero inventore officia nostrum.,2023,91356737
Corrupti libero quasi sed.,Flavio Aníbal Ariza Cañete,Quisquam dolorum architecto inventore maiores at nam.,2005,15387609
Sint blanditiis cum architecto necessitatibus.,Alicia Frías Franch,Voluptates quisquam unde autem similique.,2018,18692316
Numquam corporis temporibus qui.,Fabiana Murillo,Alias impedit iste nostrum repellat architecto dolor.,2004,64127868
Alias corrupti in.,Juanita del Priego,Itaque asperiores inventore beatae cupiditate quo.,2010,31073344
Dolores veniam tempora natus odio.,Lupe Manzano-Coll,Molestias dignissimos at dolorum quaerat corporis.,2006,52582573
Iste eos repellendus vel delectus.,Coral Bru Rojas,Quos magni explicabo itaque suscipit incidunt.,2014,44758640
Non nulla reprehenderit repudiandae.,Loreto Miguela Acedo Roig,Molestias quisquam fugiat mollitia debitis corporis ratione architecto.,2017,98838772
Quod voluptates voluptates excepturi.,Joel Teófilo Ballester Alvarez,Vero cum est tenetur ipsam incidunt.,2020,81724893
Facere fuga beatae et minima recusandae.,Matías Pons-Méndez,Corrupti laborum qui et similique blanditiis.,2014,53720202
Doloribus praesentium omnis eaque.,Leoncio Osuna Díez,Praesentium sunt id.,2010,43437623
Animi quidem ex laborum.,Leocadia de Santamaría,Quae ullam esse facere.,2006,79157663
Porro cupiditate quis.,Araceli Villalobos Calvo,Laboriosam vel cupiditate ex nulla.,2012,43492094
Fugiat accusamus expedita error dolore.,Alberto del Plaza,Dolorem nam illum error voluptas.,2000,53845307
Cum odit eum minima dolor.,Benjamín Bonilla-Lopez,A illum quas reiciendis amet impedit dolorem.,2009,62222466
Quidem nam repudiandae.,Edelmiro Campoy-Reig,Ducimus nulla alias aliquid.,2002,53039308
Laudantium possimus quas.,Bartolomé Solana Sancho,Praesentium laboriosam culpa labore sit id.,2008,86483233
Reprehenderit culpa quasi laborum.,Leonor Roldan Borrell,Accusantium neque modi sit quaerat iusto.,2016,98700013
Officia suscipit debitis magni voluptatem.,Reynaldo Martorell Velasco,Nisi illum fugiat.,2022,13775007
Illum dolorum nihil consectetur iusto.,Hector Carpio Torres,Nihil atque quis aliquid doloremque sint delectus inventore.,2019,53158493
